{"FN": 1244, "FP": 497, "TN": 65417, "TP": 6522, "best-f1": 0.8822405307054259, "best_valid_loss": -154.23236610861287, "latency": 93.72684669615138, "pot-FN": 1127, "pot-FP": 741, "pot-TN": 65173, "pot-TP": 6639, "pot-f1": 0.8766621089452395, "pot-latency": 83.04132066116391, "pot-precision": 0.899593494715998, "pot-recall": 0.8548802461307233, "pot-threshold": -28.827459628676745, "precision": 0.9291921912962072, "pred_time": 0.26648737385011523, "pred_total_time": 492.9940149784088, "recall": 0.8398145752770866, "threshold": -95.0, "train_time": 271.1874880075455, "valid_time": 0.38158043576596257}