{"FN": 1015, "FP": 682, "TN": 65232, "TP": 6751, "best-f1": 0.8883429188854138, "best_valid_loss": -28868746.43464916, "latency": 71.76895473478949, "pot-FN": 1015, "pot-FP": 795, "pot-TN": 65119, "pot-TP": 6751, "pot-f1": 0.8817870584249405, "pot-latency": 69.34588713120334, "pot-precision": 0.8946461689707843, "pot-recall": 0.8693020848965979, "pot-threshold": 52.87285865405418, "precision": 0.9082470053703121, "pred_time": 0.2605597370998867, "pred_total_time": 484.2858319282532, "recall": 0.8693020848965979, "threshold": 46.0, "train_time": 1124.4094777345658, "valid_time": 0.37090850176472956}