{"FN": 1151, "FP": 936, "TN": 64928, "TP": 6615, "best-f1": 0.8637411642787538, "best_valid_loss": -17.880339845127548, "latency": 33.55986576053696, "pot-FN": 1915, "pot-FP": 548, "pot-TN": 65316, "pot-TP": 5851, "pot-f1": 0.826115765514521, "pot-latency": 57.0584878912477, "pot-precision": 0.914361617574056, "pot-recall": 0.7534123090993918, "pot-threshold": -183.21211214342833, "precision": 0.8760429070639082, "pred_time": 0.508391744995946, "pred_total_time": 946.1963579654694, "recall": 0.8517898521094646, "threshold": -97.0, "train_time": 56.36659014225006, "valid_time": 0.7340817511766806}